,mutant,csv,dark_enthalpy_mean,dark_enthalpy_std,dark_entropy_mean,dark_entropy_std,lit_enthalpy_mean,lit_enthalpy_std,lit_entropy_mean,lit_entropy_std,kcat_dark_mean,kcat_dark_std,kcat_lit_mean,kcat_lit_std,kcat_ratio_mean,kcat_ratio_std,dG_dark_mean,dG_dark_std,dG_lit_mean,dG_lit_std,ddelta_G_mean,ddelta_G_std,calculated_intersect,calculated_intercept,delta_entropy_mean,delta_entropy_std,delta_enthalpy_mean,delta_enthalpy_std,ddelta_entropy_mean,ddelta_entropy_std,ddelta_enthalpy_mean,ddelta_enthalpy_std
0,DL121,./input_data/eyring/dl121_eyring.csv,12.620981958939584,0.16607026743394723,-17.336829884992397,0.5658405609967786,10.930934576500114,0.4547964646699315,-22.49161629979154,1.544976399681179,0.3149494724524579,0.0030364015944634973,0.43975590411351206,0.009913631750296673,1.3963996606621412,0.03405042786782445,17657.331040529876,5.563670875261402,17464.749111589557,12.985799159219368,-192.58192894031956,14.051545990857374,18304.703027234704,54.867875752062055,-1497.4654534991512,474.76024559978737,-1690.0473824394708,480.9312537923637,0.0,0.0,0.0,0.0
0,A9N,./input_data/eyring/a9n_eyring.csv,10.496567373092354,0.5154401612296866,-23.806087835043005,1.769232141228286,7.89529869396298,0.886467966689664,-31.855558590898983,2.9911080275458217,0.4817862269865611,0.01626915183395105,0.7604165125101681,0.04209975116109552,1.5801673130527325,0.10313830512598834,17412.235889172345,19.437431708493946,17149.338464619137,31.913511609325,-262.89742455320993,37.6429321874406,18189.329256116594,50.16280070346716,-2338.371254576162,1009.2324529503145,-2601.268679129372,1024.8652409787676,-840.9058010770109,1116.0141293263212,-911.2212966899011,1132.6268138786577
0,M16A,./input_data/eyring/m16a_eyring.csv,12.962628300841994,0.7032253050927416,-17.83994642778244,2.356621025857796,11.319455142252332,0.4883097160103311,-22.647228336981183,1.6536131278444428,0.13539011845304175,0.005401356769689906,0.20747224738834838,0.005534216911599056,1.5348050469263148,0.07293748561584142,18145.132738112796,22.92478858381908,17898.474974145363,15.3494906709811,-246.65776396742643,27.449967988439152,19060.203689053214,68.81947397799158,-1396.515394622235,838.196078182864,-1643.1731585896614,857.7590104965172,100.95005887691627,956.788540558117,46.87422384980941,976.8193107133765
0,M16P,./input_data/eyring/m16p_eyring.csv,13.149161324609013,0.6435988443356452,-20.20770194465747,2.1552713445551483,11.749963746053046,0.8524208977603749,-24.78940203759796,2.8542900118617105,0.029773534574716827,0.001245321756817886,0.03351897109674159,0.001644215740838868,1.1277350699162143,0.07229343338469879,19019.498739532006,24.129511931289674,18951.285037975253,28.305966016428112,-68.21370155675183,36.93146795914305,19319.4921220857,32.374510911639774,-1330.9838769992132,1031.9511769631374,-1399.1975785559648,1060.877515950181,166.4815764999382,1142.410928231643,290.84980388350596,1171.6210041641298
0,G86K,./input_data/eyring/g86k_eyring.csv,8.33179831596993,0.2529190027935123,-31.99986032194837,0.8602753740811733,7.636737582724506,0.27358259552230774,-33.859244110930454,0.9264458774986222,0.3315484394692604,0.006285592568135457,0.43359638411874646,0.008155031338624137,1.3082514786480783,0.03453828194100405,17627.75773949593,10.94449879381658,17472.847996949804,10.862702639364269,-154.90974254612746,15.244673660573557,20283.817535433933,100.53349663406354,-540.1509906992952,367.31570753138317,-695.0607332454226,372.3662735042555,957.3144627998561,599.9234001990098,994.9866491940484,608.1482741304758
0,D87A,./input_data/eyring/d87a_eyring.csv,11.653659846559114,0.38968619445378033,-20.09634443044856,1.3245393089599635,9.512543036835492,0.43716651463881734,-26.953878962360008,1.504027847573341,0.4197241177077471,0.008939417221161889,0.5433331797593868,0.011928088661582738,1.295071591899612,0.03906541847683805,17491.647903604426,12.291279236795853,17342.644875401074,12.666696783210753,-149.00302820334787,17.41644946843014,17927.531263393794,39.21789685846083,-1992.1137815202742,582.8665084408395,-2141.1168097236223,586.2759196784439,-494.64832802112323,751.9983228121837,-451.0694272841515,758.6249776474643
0,R98M,./input_data/eyring/r98m_eyring.csv,8.9657221100863,0.2649547476871279,-28.945599082872086,0.8984438046067683,7.854494924519476,0.25128751270853833,-32.02535528877247,0.862849163908949,0.5141623232969618,0.007169528835857204,0.7481860002117808,0.009263149444048541,1.4554430196247694,0.02740003473544898,17374.41864366064,8.055075422089935,17157.86063590788,7.141524444227103,-216.5580077527617,10.85883658026017,19407.092714314844,87.74867374005301,-894.6691778140626,363.4896862473141,-1111.2271855668243,366.87590791788506,602.7962756850887,596.7127868361931,578.8201968726466,603.5572806724605
0,D116M,./input_data/eyring/d116m_eyring.csv,6.466123336374917,0.3247091566028165,-36.40717143599006,1.1076846142467294,5.305915426108163,0.30300570344190786,-40.07170318275985,1.0501111247113302,0.9138863355385777,0.0150513448050808,1.07856107138607,0.015447038182513972,1.1805121601012343,0.02579053726267264,17042.40663853003,9.505569396587239,16946.745200699897,8.271599915613525,-95.66143783012885,12.608189708585506,17991.40042361239,43.58184340724064,-1064.5464724366252,445.22209849471056,-1160.207910266754,445.6663086061623,432.91898106252614,652.9295577090326,529.8394721727169,657.667683440914
0,H124Q,./input_data/eyring/h124q_eyring.csv,8.902806438810687,0.3136346324096173,-29.883439155544114,1.0663144549732042,7.857458748945672,0.45705702815451255,-32.86097171139015,1.537811434831919,0.35768167294562775,0.006302240560817045,0.4889442098916991,0.012131214699226652,1.367391332935276,0.04113899140544267,17583.945513496248,10.17623331014004,17403.571031104515,14.26125549502386,-180.37448239173753,17.309785248612762,19394.072004155358,78.08921713441651,-864.9732074732746,544.398092903817,-1045.3476898650122,554.9814385424639,632.4922460258767,722.8358855185749,644.6996925744589,734.6583284835265
0,D127W,./input_data/eyring/d127w_eyring.csv,8.359740159393926,0.9380248432449303,-32.829984282520094,3.205051669053895,7.294092588898919,0.6288616735879797,-35.41575984133615,2.181843401043285,0.20822949746377958,0.010148635106345592,0.3588110985211645,0.012242917821076168,1.7272690794890477,0.10315752422677991,17896.850593466013,28.070406998519797,17582.37082280707,19.651728838070408,-314.4797706589424,34.48460891899672,21882.654860701616,138.93450448730184,-751.1677998360639,1129.0426197643003,-1065.6475704950062,1131.6301810341504,746.2976536630874,1223.8458595971133,624.3998119444645,1228.6242433763553
